question,subject,choices,answer_original_temperature:0.7,answer_fine-tuned_temperature:0.7
The cyclic subgroup of Z_24 generated by 18 has order,abstract_algebra,"[massaging,, amphipodal,, tricarbimide,, impracticably]",3.0,1.0
The cyclic subgroup of Z_24 generated by 18 has order,abstract_algebra,"[massaging,, amphipodal,, impracticably,, tricarbimide]",3.0,2.0
The cyclic subgroup of Z_24 generated by 18 has order,abstract_algebra,"[massaging,, tricarbimide,, amphipodal,, impracticably]",1.0,1.0
The cyclic subgroup of Z_24 generated by 18 has order,abstract_algebra,"[massaging,, tricarbimide,, impracticably,, amphipodal]",1.0,1.0
The cyclic subgroup of Z_24 generated by 18 has order,abstract_algebra,"[massaging,, impracticably,, amphipodal,, tricarbimide]",0.0,3.0
The cyclic subgroup of Z_24 generated by 18 has order,abstract_algebra,"[massaging,, impracticably,, tricarbimide,, amphipodal]",0.0,2.0
The cyclic subgroup of Z_24 generated by 18 has order,abstract_algebra,"[amphipodal,, massaging,, tricarbimide,, impracticably]",0.0,2.0
The cyclic subgroup of Z_24 generated by 18 has order,abstract_algebra,"[amphipodal,, massaging,, impracticably,, tricarbimide]",3.0,3.0
The cyclic subgroup of Z_24 generated by 18 has order,abstract_algebra,"[amphipodal,, tricarbimide,, massaging,, impracticably]",3.0,2.0
The cyclic subgroup of Z_24 generated by 18 has order,abstract_algebra,"[amphipodal,, tricarbimide,, impracticably,, massaging]",0.0,1.0
The cyclic subgroup of Z_24 generated by 18 has order,abstract_algebra,"[amphipodal,, impracticably,, massaging,, tricarbimide]",1.0,2.0
The cyclic subgroup of Z_24 generated by 18 has order,abstract_algebra,"[amphipodal,, impracticably,, tricarbimide,, massaging]",0.0,0.0
The cyclic subgroup of Z_24 generated by 18 has order,abstract_algebra,"[tricarbimide,, massaging,, amphipodal,, impracticably]",0.0,1.0
The cyclic subgroup of Z_24 generated by 18 has order,abstract_algebra,"[tricarbimide,, massaging,, impracticably,, amphipodal]",0.0,1.0
The cyclic subgroup of Z_24 generated by 18 has order,abstract_algebra,"[tricarbimide,, amphipodal,, massaging,, impracticably]",3.0,1.0
The cyclic subgroup of Z_24 generated by 18 has order,abstract_algebra,"[tricarbimide,, amphipodal,, impracticably,, massaging]",1.0,2.0
The cyclic subgroup of Z_24 generated by 18 has order,abstract_algebra,"[tricarbimide,, impracticably,, massaging,, amphipodal]",1.0,1.0
The cyclic subgroup of Z_24 generated by 18 has order,abstract_algebra,"[tricarbimide,, impracticably,, amphipodal,, massaging]",0.0,0.0
The cyclic subgroup of Z_24 generated by 18 has order,abstract_algebra,"[impracticably,, massaging,, amphipodal,, tricarbimide]",0.0,0.0
The cyclic subgroup of Z_24 generated by 18 has order,abstract_algebra,"[impracticably,, massaging,, tricarbimide,, amphipodal]",0.0,3.0
The cyclic subgroup of Z_24 generated by 18 has order,abstract_algebra,"[impracticably,, amphipodal,, massaging,, tricarbimide]",0.0,2.0
The cyclic subgroup of Z_24 generated by 18 has order,abstract_algebra,"[impracticably,, amphipodal,, tricarbimide,, massaging]",3.0,1.0
The cyclic subgroup of Z_24 generated by 18 has order,abstract_algebra,"[impracticably,, tricarbimide,, massaging,, amphipodal]",0.0,1.0
The cyclic subgroup of Z_24 generated by 18 has order,abstract_algebra,"[impracticably,, tricarbimide,, amphipodal,, massaging]",0.0,1.0
Find the order of the factor group Z_6/<3>.,abstract_algebra,"[hypertrophied,, sorbate,, hexachlorocyclohexane,, subunequal]",3.0,2.0
Find the order of the factor group Z_6/<3>.,abstract_algebra,"[hypertrophied,, sorbate,, subunequal,, hexachlorocyclohexane]",0.0,2.0
Find the order of the factor group Z_6/<3>.,abstract_algebra,"[hypertrophied,, hexachlorocyclohexane,, sorbate,, subunequal]",3.0,0.0
Find the order of the factor group Z_6/<3>.,abstract_algebra,"[hypertrophied,, hexachlorocyclohexane,, subunequal,, sorbate]",2.0,1.0
Find the order of the factor group Z_6/<3>.,abstract_algebra,"[hypertrophied,, subunequal,, sorbate,, hexachlorocyclohexane]",0.0,1.0
Find the order of the factor group Z_6/<3>.,abstract_algebra,"[hypertrophied,, subunequal,, hexachlorocyclohexane,, sorbate]",0.0,3.0
Find the order of the factor group Z_6/<3>.,abstract_algebra,"[sorbate,, hypertrophied,, hexachlorocyclohexane,, subunequal]",3.0,0.0
Find the order of the factor group Z_6/<3>.,abstract_algebra,"[sorbate,, hypertrophied,, subunequal,, hexachlorocyclohexane]",0.0,2.0
Find the order of the factor group Z_6/<3>.,abstract_algebra,"[sorbate,, hexachlorocyclohexane,, hypertrophied,, subunequal]",3.0,3.0
Find the order of the factor group Z_6/<3>.,abstract_algebra,"[sorbate,, hexachlorocyclohexane,, subunequal,, hypertrophied]",2.0,1.0
Find the order of the factor group Z_6/<3>.,abstract_algebra,"[sorbate,, subunequal,, hypertrophied,, hexachlorocyclohexane]",3.0,2.0
Find the order of the factor group Z_6/<3>.,abstract_algebra,"[sorbate,, subunequal,, hexachlorocyclohexane,, hypertrophied]",0.0,1.0
Find the order of the factor group Z_6/<3>.,abstract_algebra,"[hexachlorocyclohexane,, hypertrophied,, sorbate,, subunequal]",3.0,3.0
Find the order of the factor group Z_6/<3>.,abstract_algebra,"[hexachlorocyclohexane,, hypertrophied,, subunequal,, sorbate]",0.0,1.0
Find the order of the factor group Z_6/<3>.,abstract_algebra,"[hexachlorocyclohexane,, sorbate,, hypertrophied,, subunequal]",3.0,2.0
Find the order of the factor group Z_6/<3>.,abstract_algebra,"[hexachlorocyclohexane,, sorbate,, subunequal,, hypertrophied]",0.0,2.0
Find the order of the factor group Z_6/<3>.,abstract_algebra,"[hexachlorocyclohexane,, subunequal,, hypertrophied,, sorbate]",0.0,2.0
Find the order of the factor group Z_6/<3>.,abstract_algebra,"[hexachlorocyclohexane,, subunequal,, sorbate,, hypertrophied]",1.0,2.0
Find the order of the factor group Z_6/<3>.,abstract_algebra,"[subunequal,, hypertrophied,, sorbate,, hexachlorocyclohexane]",0.0,2.0
Find the order of the factor group Z_6/<3>.,abstract_algebra,"[subunequal,, hypertrophied,, hexachlorocyclohexane,, sorbate]",0.0,1.0
Find the order of the factor group Z_6/<3>.,abstract_algebra,"[subunequal,, sorbate,, hypertrophied,, hexachlorocyclohexane]",0.0,2.0
Find the order of the factor group Z_6/<3>.,abstract_algebra,"[subunequal,, sorbate,, hexachlorocyclohexane,, hypertrophied]",0.0,1.0
Find the order of the factor group Z_6/<3>.,abstract_algebra,"[subunequal,, hexachlorocyclohexane,, hypertrophied,, sorbate]",0.0,1.0
Find the order of the factor group Z_6/<3>.,abstract_algebra,"[subunequal,, hexachlorocyclohexane,, sorbate,, hypertrophied]",0.0,1.0
Statement 1 | A permutation that is a product of m even permutations and n odd permutations is an even permutation if and only if n is even. Statement 2 | Every group is isomorphic to a group of permutations.,abstract_algebra,"[liferenter,, unoxidative,, alunogen,, surges]",3.0,1.0
Statement 1 | A permutation that is a product of m even permutations and n odd permutations is an even permutation if and only if n is even. Statement 2 | Every group is isomorphic to a group of permutations.,abstract_algebra,"[liferenter,, unoxidative,, surges,, alunogen]",0.0,0.0
Statement 1 | A permutation that is a product of m even permutations and n odd permutations is an even permutation if and only if n is even. Statement 2 | Every group is isomorphic to a group of permutations.,abstract_algebra,"[liferenter,, alunogen,, unoxidative,, surges]",1.0,2.0
Statement 1 | A permutation that is a product of m even permutations and n odd permutations is an even permutation if and only if n is even. Statement 2 | Every group is isomorphic to a group of permutations.,abstract_algebra,"[liferenter,, alunogen,, surges,, unoxidative]",1.0,1.0
Statement 1 | A permutation that is a product of m even permutations and n odd permutations is an even permutation if and only if n is even. Statement 2 | Every group is isomorphic to a group of permutations.,abstract_algebra,"[liferenter,, surges,, unoxidative,, alunogen]",3.0,2.0
Statement 1 | A permutation that is a product of m even permutations and n odd permutations is an even permutation if and only if n is even. Statement 2 | Every group is isomorphic to a group of permutations.,abstract_algebra,"[liferenter,, surges,, alunogen,, unoxidative]",0.0,0.0
Statement 1 | A permutation that is a product of m even permutations and n odd permutations is an even permutation if and only if n is even. Statement 2 | Every group is isomorphic to a group of permutations.,abstract_algebra,"[unoxidative,, liferenter,, alunogen,, surges]",1.0,1.0
Statement 1 | A permutation that is a product of m even permutations and n odd permutations is an even permutation if and only if n is even. Statement 2 | Every group is isomorphic to a group of permutations.,abstract_algebra,"[unoxidative,, liferenter,, surges,, alunogen]",2.0,0.0
Statement 1 | A permutation that is a product of m even permutations and n odd permutations is an even permutation if and only if n is even. Statement 2 | Every group is isomorphic to a group of permutations.,abstract_algebra,"[unoxidative,, alunogen,, liferenter,, surges]",0.0,1.0
Statement 1 | A permutation that is a product of m even permutations and n odd permutations is an even permutation if and only if n is even. Statement 2 | Every group is isomorphic to a group of permutations.,abstract_algebra,"[unoxidative,, alunogen,, surges,, liferenter]",3.0,0.0
Statement 1 | A permutation that is a product of m even permutations and n odd permutations is an even permutation if and only if n is even. Statement 2 | Every group is isomorphic to a group of permutations.,abstract_algebra,"[unoxidative,, surges,, liferenter,, alunogen]",1.0,0.0
Statement 1 | A permutation that is a product of m even permutations and n odd permutations is an even permutation if and only if n is even. Statement 2 | Every group is isomorphic to a group of permutations.,abstract_algebra,"[unoxidative,, surges,, alunogen,, liferenter]",1.0,1.0
Statement 1 | A permutation that is a product of m even permutations and n odd permutations is an even permutation if and only if n is even. Statement 2 | Every group is isomorphic to a group of permutations.,abstract_algebra,"[alunogen,, liferenter,, unoxidative,, surges]",3.0,2.0
Statement 1 | A permutation that is a product of m even permutations and n odd permutations is an even permutation if and only if n is even. Statement 2 | Every group is isomorphic to a group of permutations.,abstract_algebra,"[alunogen,, liferenter,, surges,, unoxidative]",0.0,2.0
Statement 1 | A permutation that is a product of m even permutations and n odd permutations is an even permutation if and only if n is even. Statement 2 | Every group is isomorphic to a group of permutations.,abstract_algebra,"[alunogen,, unoxidative,, liferenter,, surges]",0.0,2.0
Statement 1 | A permutation that is a product of m even permutations and n odd permutations is an even permutation if and only if n is even. Statement 2 | Every group is isomorphic to a group of permutations.,abstract_algebra,"[alunogen,, unoxidative,, surges,, liferenter]",3.0,1.0
Statement 1 | A permutation that is a product of m even permutations and n odd permutations is an even permutation if and only if n is even. Statement 2 | Every group is isomorphic to a group of permutations.,abstract_algebra,"[alunogen,, surges,, liferenter,, unoxidative]",3.0,1.0
Statement 1 | A permutation that is a product of m even permutations and n odd permutations is an even permutation if and only if n is even. Statement 2 | Every group is isomorphic to a group of permutations.,abstract_algebra,"[alunogen,, surges,, unoxidative,, liferenter]",0.0,2.0
Statement 1 | A permutation that is a product of m even permutations and n odd permutations is an even permutation if and only if n is even. Statement 2 | Every group is isomorphic to a group of permutations.,abstract_algebra,"[surges,, liferenter,, unoxidative,, alunogen]",1.0,1.0
Statement 1 | A permutation that is a product of m even permutations and n odd permutations is an even permutation if and only if n is even. Statement 2 | Every group is isomorphic to a group of permutations.,abstract_algebra,"[surges,, liferenter,, alunogen,, unoxidative]",0.0,3.0
Statement 1 | A permutation that is a product of m even permutations and n odd permutations is an even permutation if and only if n is even. Statement 2 | Every group is isomorphic to a group of permutations.,abstract_algebra,"[surges,, unoxidative,, liferenter,, alunogen]",0.0,2.0
Statement 1 | A permutation that is a product of m even permutations and n odd permutations is an even permutation if and only if n is even. Statement 2 | Every group is isomorphic to a group of permutations.,abstract_algebra,"[surges,, unoxidative,, alunogen,, liferenter]",0.0,0.0
Statement 1 | A permutation that is a product of m even permutations and n odd permutations is an even permutation if and only if n is even. Statement 2 | Every group is isomorphic to a group of permutations.,abstract_algebra,"[surges,, alunogen,, liferenter,, unoxidative]",0.0,2.0
Statement 1 | A permutation that is a product of m even permutations and n odd permutations is an even permutation if and only if n is even. Statement 2 | Every group is isomorphic to a group of permutations.,abstract_algebra,"[surges,, alunogen,, unoxidative,, liferenter]",0.0,0.0
Find the order of the factor group (Z_4 x Z_12)/(<2> x <2>),abstract_algebra,"[rollouts,, wideband,, subfalciform,, necklike]",0.0,1.0
Find the order of the factor group (Z_4 x Z_12)/(<2> x <2>),abstract_algebra,"[rollouts,, wideband,, necklike,, subfalciform]",1.0,1.0
Find the order of the factor group (Z_4 x Z_12)/(<2> x <2>),abstract_algebra,"[rollouts,, subfalciform,, wideband,, necklike]",0.0,1.0
Find the order of the factor group (Z_4 x Z_12)/(<2> x <2>),abstract_algebra,"[rollouts,, subfalciform,, necklike,, wideband]",0.0,2.0
Find the order of the factor group (Z_4 x Z_12)/(<2> x <2>),abstract_algebra,"[rollouts,, necklike,, wideband,, subfalciform]",1.0,1.0
Find the order of the factor group (Z_4 x Z_12)/(<2> x <2>),abstract_algebra,"[rollouts,, necklike,, subfalciform,, wideband]",3.0,1.0
Find the order of the factor group (Z_4 x Z_12)/(<2> x <2>),abstract_algebra,"[wideband,, rollouts,, subfalciform,, necklike]",0.0,2.0
Find the order of the factor group (Z_4 x Z_12)/(<2> x <2>),abstract_algebra,"[wideband,, rollouts,, necklike,, subfalciform]",1.0,2.0
Find the order of the factor group (Z_4 x Z_12)/(<2> x <2>),abstract_algebra,"[wideband,, subfalciform,, rollouts,, necklike]",0.0,2.0
Find the order of the factor group (Z_4 x Z_12)/(<2> x <2>),abstract_algebra,"[wideband,, subfalciform,, necklike,, rollouts]",0.0,0.0
Find the order of the factor group (Z_4 x Z_12)/(<2> x <2>),abstract_algebra,"[wideband,, necklike,, rollouts,, subfalciform]",0.0,1.0
Find the order of the factor group (Z_4 x Z_12)/(<2> x <2>),abstract_algebra,"[wideband,, necklike,, subfalciform,, rollouts]",0.0,1.0
Find the order of the factor group (Z_4 x Z_12)/(<2> x <2>),abstract_algebra,"[subfalciform,, rollouts,, wideband,, necklike]",0.0,1.0
Find the order of the factor group (Z_4 x Z_12)/(<2> x <2>),abstract_algebra,"[subfalciform,, rollouts,, necklike,, wideband]",0.0,1.0
Find the order of the factor group (Z_4 x Z_12)/(<2> x <2>),abstract_algebra,"[subfalciform,, wideband,, rollouts,, necklike]",1.0,3.0
Find the order of the factor group (Z_4 x Z_12)/(<2> x <2>),abstract_algebra,"[subfalciform,, wideband,, necklike,, rollouts]",0.0,1.0
Find the order of the factor group (Z_4 x Z_12)/(<2> x <2>),abstract_algebra,"[subfalciform,, necklike,, rollouts,, wideband]",0.0,2.0
Find the order of the factor group (Z_4 x Z_12)/(<2> x <2>),abstract_algebra,"[subfalciform,, necklike,, wideband,, rollouts]",0.0,1.0
Find the order of the factor group (Z_4 x Z_12)/(<2> x <2>),abstract_algebra,"[necklike,, rollouts,, wideband,, subfalciform]",2.0,1.0
Find the order of the factor group (Z_4 x Z_12)/(<2> x <2>),abstract_algebra,"[necklike,, rollouts,, subfalciform,, wideband]",0.0,1.0
Find the order of the factor group (Z_4 x Z_12)/(<2> x <2>),abstract_algebra,"[necklike,, wideband,, rollouts,, subfalciform]",1.0,2.0
Find the order of the factor group (Z_4 x Z_12)/(<2> x <2>),abstract_algebra,"[necklike,, wideband,, subfalciform,, rollouts]",1.0,1.0
Find the order of the factor group (Z_4 x Z_12)/(<2> x <2>),abstract_algebra,"[necklike,, subfalciform,, rollouts,, wideband]",0.0,1.0
Find the order of the factor group (Z_4 x Z_12)/(<2> x <2>),abstract_algebra,"[necklike,, subfalciform,, wideband,, rollouts]",0.0,1.0
Find the maximum possible order for some element of Z_4 x Z_6.,abstract_algebra,"[lymphopenial,, preinfection,, acetanilide,, anama]",2.0,1.0
Find the maximum possible order for some element of Z_4 x Z_6.,abstract_algebra,"[lymphopenial,, preinfection,, anama,, acetanilide]",3.0,1.0
Find the maximum possible order for some element of Z_4 x Z_6.,abstract_algebra,"[lymphopenial,, acetanilide,, preinfection,, anama]",0.0,2.0
Find the maximum possible order for some element of Z_4 x Z_6.,abstract_algebra,"[lymphopenial,, acetanilide,, anama,, preinfection]",1.0,3.0
Find the maximum possible order for some element of Z_4 x Z_6.,abstract_algebra,"[lymphopenial,, anama,, preinfection,, acetanilide]",0.0,1.0
Find the maximum possible order for some element of Z_4 x Z_6.,abstract_algebra,"[lymphopenial,, anama,, acetanilide,, preinfection]",2.0,3.0
Find the maximum possible order for some element of Z_4 x Z_6.,abstract_algebra,"[preinfection,, lymphopenial,, acetanilide,, anama]",2.0,2.0
Find the maximum possible order for some element of Z_4 x Z_6.,abstract_algebra,"[preinfection,, lymphopenial,, anama,, acetanilide]",0.0,1.0
Find the maximum possible order for some element of Z_4 x Z_6.,abstract_algebra,"[preinfection,, acetanilide,, lymphopenial,, anama]",0.0,2.0
Find the maximum possible order for some element of Z_4 x Z_6.,abstract_algebra,"[preinfection,, acetanilide,, anama,, lymphopenial]",0.0,2.0
Find the maximum possible order for some element of Z_4 x Z_6.,abstract_algebra,"[preinfection,, anama,, lymphopenial,, acetanilide]",0.0,1.0
Find the maximum possible order for some element of Z_4 x Z_6.,abstract_algebra,"[preinfection,, anama,, acetanilide,, lymphopenial]",0.0,1.0
Find the maximum possible order for some element of Z_4 x Z_6.,abstract_algebra,"[acetanilide,, lymphopenial,, preinfection,, anama]",2.0,1.0
Find the maximum possible order for some element of Z_4 x Z_6.,abstract_algebra,"[acetanilide,, lymphopenial,, anama,, preinfection]",0.0,1.0
Find the maximum possible order for some element of Z_4 x Z_6.,abstract_algebra,"[acetanilide,, preinfection,, lymphopenial,, anama]",0.0,1.0
Find the maximum possible order for some element of Z_4 x Z_6.,abstract_algebra,"[acetanilide,, preinfection,, anama,, lymphopenial]",0.0,1.0
Find the maximum possible order for some element of Z_4 x Z_6.,abstract_algebra,"[acetanilide,, anama,, lymphopenial,, preinfection]",1.0,2.0
Find the maximum possible order for some element of Z_4 x Z_6.,abstract_algebra,"[acetanilide,, anama,, preinfection,, lymphopenial]",0.0,2.0
Find the maximum possible order for some element of Z_4 x Z_6.,abstract_algebra,"[anama,, lymphopenial,, preinfection,, acetanilide]",2.0,2.0
Find the maximum possible order for some element of Z_4 x Z_6.,abstract_algebra,"[anama,, lymphopenial,, acetanilide,, preinfection]",2.0,2.0
Find the maximum possible order for some element of Z_4 x Z_6.,abstract_algebra,"[anama,, preinfection,, lymphopenial,, acetanilide]",0.0,1.0
Find the maximum possible order for some element of Z_4 x Z_6.,abstract_algebra,"[anama,, preinfection,, acetanilide,, lymphopenial]",0.0,1.0
Find the maximum possible order for some element of Z_4 x Z_6.,abstract_algebra,"[anama,, acetanilide,, lymphopenial,, preinfection]",1.0,1.0
Find the maximum possible order for some element of Z_4 x Z_6.,abstract_algebra,"[anama,, acetanilide,, preinfection,, lymphopenial]",0.0,1.0
Statement 1 | The symmetric group S_3 is cyclic. Statement 2 | Every group is isomorphic to some group of permutations.,abstract_algebra,"[tamacoare,, linkiest,, pourvete,, lachrymogenic]",0.0,1.0
Statement 1 | The symmetric group S_3 is cyclic. Statement 2 | Every group is isomorphic to some group of permutations.,abstract_algebra,"[tamacoare,, linkiest,, lachrymogenic,, pourvete]",2.0,1.0
Statement 1 | The symmetric group S_3 is cyclic. Statement 2 | Every group is isomorphic to some group of permutations.,abstract_algebra,"[tamacoare,, pourvete,, linkiest,, lachrymogenic]",1.0,1.0
Statement 1 | The symmetric group S_3 is cyclic. Statement 2 | Every group is isomorphic to some group of permutations.,abstract_algebra,"[tamacoare,, pourvete,, lachrymogenic,, linkiest]",1.0,1.0
Statement 1 | The symmetric group S_3 is cyclic. Statement 2 | Every group is isomorphic to some group of permutations.,abstract_algebra,"[tamacoare,, lachrymogenic,, linkiest,, pourvete]",1.0,1.0
Statement 1 | The symmetric group S_3 is cyclic. Statement 2 | Every group is isomorphic to some group of permutations.,abstract_algebra,"[tamacoare,, lachrymogenic,, pourvete,, linkiest]",1.0,0.0
Statement 1 | The symmetric group S_3 is cyclic. Statement 2 | Every group is isomorphic to some group of permutations.,abstract_algebra,"[linkiest,, tamacoare,, pourvete,, lachrymogenic]",0.0,2.0
Statement 1 | The symmetric group S_3 is cyclic. Statement 2 | Every group is isomorphic to some group of permutations.,abstract_algebra,"[linkiest,, tamacoare,, lachrymogenic,, pourvete]",1.0,1.0
Statement 1 | The symmetric group S_3 is cyclic. Statement 2 | Every group is isomorphic to some group of permutations.,abstract_algebra,"[linkiest,, pourvete,, tamacoare,, lachrymogenic]",1.0,1.0
Statement 1 | The symmetric group S_3 is cyclic. Statement 2 | Every group is isomorphic to some group of permutations.,abstract_algebra,"[linkiest,, pourvete,, lachrymogenic,, tamacoare]",0.0,1.0
Statement 1 | The symmetric group S_3 is cyclic. Statement 2 | Every group is isomorphic to some group of permutations.,abstract_algebra,"[linkiest,, lachrymogenic,, tamacoare,, pourvete]",1.0,1.0
Statement 1 | The symmetric group S_3 is cyclic. Statement 2 | Every group is isomorphic to some group of permutations.,abstract_algebra,"[linkiest,, lachrymogenic,, pourvete,, tamacoare]",0.0,1.0
Statement 1 | The symmetric group S_3 is cyclic. Statement 2 | Every group is isomorphic to some group of permutations.,abstract_algebra,"[pourvete,, tamacoare,, linkiest,, lachrymogenic]",1.0,3.0
Statement 1 | The symmetric group S_3 is cyclic. Statement 2 | Every group is isomorphic to some group of permutations.,abstract_algebra,"[pourvete,, tamacoare,, lachrymogenic,, linkiest]",1.0,0.0
Statement 1 | The symmetric group S_3 is cyclic. Statement 2 | Every group is isomorphic to some group of permutations.,abstract_algebra,"[pourvete,, linkiest,, tamacoare,, lachrymogenic]",3.0,2.0
Statement 1 | The symmetric group S_3 is cyclic. Statement 2 | Every group is isomorphic to some group of permutations.,abstract_algebra,"[pourvete,, linkiest,, lachrymogenic,, tamacoare]",1.0,2.0
Statement 1 | The symmetric group S_3 is cyclic. Statement 2 | Every group is isomorphic to some group of permutations.,abstract_algebra,"[pourvete,, lachrymogenic,, tamacoare,, linkiest]",1.0,2.0
Statement 1 | The symmetric group S_3 is cyclic. Statement 2 | Every group is isomorphic to some group of permutations.,abstract_algebra,"[pourvete,, lachrymogenic,, linkiest,, tamacoare]",0.0,0.0
Statement 1 | The symmetric group S_3 is cyclic. Statement 2 | Every group is isomorphic to some group of permutations.,abstract_algebra,"[lachrymogenic,, tamacoare,, linkiest,, pourvete]",1.0,1.0
Statement 1 | The symmetric group S_3 is cyclic. Statement 2 | Every group is isomorphic to some group of permutations.,abstract_algebra,"[lachrymogenic,, tamacoare,, pourvete,, linkiest]",1.0,1.0
Statement 1 | The symmetric group S_3 is cyclic. Statement 2 | Every group is isomorphic to some group of permutations.,abstract_algebra,"[lachrymogenic,, linkiest,, tamacoare,, pourvete]",1.0,2.0
Statement 1 | The symmetric group S_3 is cyclic. Statement 2 | Every group is isomorphic to some group of permutations.,abstract_algebra,"[lachrymogenic,, linkiest,, pourvete,, tamacoare]",1.0,1.0
Statement 1 | The symmetric group S_3 is cyclic. Statement 2 | Every group is isomorphic to some group of permutations.,abstract_algebra,"[lachrymogenic,, pourvete,, tamacoare,, linkiest]",1.0,1.0
Statement 1 | The symmetric group S_3 is cyclic. Statement 2 | Every group is isomorphic to some group of permutations.,abstract_algebra,"[lachrymogenic,, pourvete,, linkiest,, tamacoare]",3.0,2.0
"Statement 1 | If a and b are elements of finite order in an Abelian group, then |ab| is the lcm (|a|,|b|). Statement 2 | If g is a group element and g^n = e, then |g| = n.",abstract_algebra,"[depressionary,, mabinogion,, unclassableness,, nontangentially]",1.0,1.0
"Statement 1 | If a and b are elements of finite order in an Abelian group, then |ab| is the lcm (|a|,|b|). Statement 2 | If g is a group element and g^n = e, then |g| = n.",abstract_algebra,"[depressionary,, mabinogion,, nontangentially,, unclassableness]",0.0,1.0
"Statement 1 | If a and b are elements of finite order in an Abelian group, then |ab| is the lcm (|a|,|b|). Statement 2 | If g is a group element and g^n = e, then |g| = n.",abstract_algebra,"[depressionary,, unclassableness,, mabinogion,, nontangentially]",1.0,1.0
"Statement 1 | If a and b are elements of finite order in an Abelian group, then |ab| is the lcm (|a|,|b|). Statement 2 | If g is a group element and g^n = e, then |g| = n.",abstract_algebra,"[depressionary,, unclassableness,, nontangentially,, mabinogion]",1.0,2.0
"Statement 1 | If a and b are elements of finite order in an Abelian group, then |ab| is the lcm (|a|,|b|). Statement 2 | If g is a group element and g^n = e, then |g| = n.",abstract_algebra,"[depressionary,, nontangentially,, mabinogion,, unclassableness]",0.0,1.0
"Statement 1 | If a and b are elements of finite order in an Abelian group, then |ab| is the lcm (|a|,|b|). Statement 2 | If g is a group element and g^n = e, then |g| = n.",abstract_algebra,"[depressionary,, nontangentially,, unclassableness,, mabinogion]",3.0,1.0
"Statement 1 | If a and b are elements of finite order in an Abelian group, then |ab| is the lcm (|a|,|b|). Statement 2 | If g is a group element and g^n = e, then |g| = n.",abstract_algebra,"[mabinogion,, depressionary,, unclassableness,, nontangentially]",0.0,2.0
"Statement 1 | If a and b are elements of finite order in an Abelian group, then |ab| is the lcm (|a|,|b|). Statement 2 | If g is a group element and g^n = e, then |g| = n.",abstract_algebra,"[mabinogion,, depressionary,, nontangentially,, unclassableness]",0.0,2.0
"Statement 1 | If a and b are elements of finite order in an Abelian group, then |ab| is the lcm (|a|,|b|). Statement 2 | If g is a group element and g^n = e, then |g| = n.",abstract_algebra,"[mabinogion,, unclassableness,, depressionary,, nontangentially]",0.0,1.0
"Statement 1 | If a and b are elements of finite order in an Abelian group, then |ab| is the lcm (|a|,|b|). Statement 2 | If g is a group element and g^n = e, then |g| = n.",abstract_algebra,"[mabinogion,, unclassableness,, nontangentially,, depressionary]",0.0,2.0
"Statement 1 | If a and b are elements of finite order in an Abelian group, then |ab| is the lcm (|a|,|b|). Statement 2 | If g is a group element and g^n = e, then |g| = n.",abstract_algebra,"[mabinogion,, nontangentially,, depressionary,, unclassableness]",0.0,0.0
"Statement 1 | If a and b are elements of finite order in an Abelian group, then |ab| is the lcm (|a|,|b|). Statement 2 | If g is a group element and g^n = e, then |g| = n.",abstract_algebra,"[mabinogion,, nontangentially,, unclassableness,, depressionary]",0.0,0.0
"Statement 1 | If a and b are elements of finite order in an Abelian group, then |ab| is the lcm (|a|,|b|). Statement 2 | If g is a group element and g^n = e, then |g| = n.",abstract_algebra,"[unclassableness,, depressionary,, mabinogion,, nontangentially]",0.0,0.0
"Statement 1 | If a and b are elements of finite order in an Abelian group, then |ab| is the lcm (|a|,|b|). Statement 2 | If g is a group element and g^n = e, then |g| = n.",abstract_algebra,"[unclassableness,, depressionary,, nontangentially,, mabinogion]",0.0,1.0
"Statement 1 | If a and b are elements of finite order in an Abelian group, then |ab| is the lcm (|a|,|b|). Statement 2 | If g is a group element and g^n = e, then |g| = n.",abstract_algebra,"[unclassableness,, mabinogion,, depressionary,, nontangentially]",0.0,1.0
"Statement 1 | If a and b are elements of finite order in an Abelian group, then |ab| is the lcm (|a|,|b|). Statement 2 | If g is a group element and g^n = e, then |g| = n.",abstract_algebra,"[unclassableness,, mabinogion,, nontangentially,, depressionary]",0.0,0.0
"Statement 1 | If a and b are elements of finite order in an Abelian group, then |ab| is the lcm (|a|,|b|). Statement 2 | If g is a group element and g^n = e, then |g| = n.",abstract_algebra,"[unclassableness,, nontangentially,, depressionary,, mabinogion]",0.0,0.0
"Statement 1 | If a and b are elements of finite order in an Abelian group, then |ab| is the lcm (|a|,|b|). Statement 2 | If g is a group element and g^n = e, then |g| = n.",abstract_algebra,"[unclassableness,, nontangentially,, mabinogion,, depressionary]",0.0,2.0
"Statement 1 | If a and b are elements of finite order in an Abelian group, then |ab| is the lcm (|a|,|b|). Statement 2 | If g is a group element and g^n = e, then |g| = n.",abstract_algebra,"[nontangentially,, depressionary,, mabinogion,, unclassableness]",3.0,2.0
"Statement 1 | If a and b are elements of finite order in an Abelian group, then |ab| is the lcm (|a|,|b|). Statement 2 | If g is a group element and g^n = e, then |g| = n.",abstract_algebra,"[nontangentially,, depressionary,, unclassableness,, mabinogion]",0.0,1.0
"Statement 1 | If a and b are elements of finite order in an Abelian group, then |ab| is the lcm (|a|,|b|). Statement 2 | If g is a group element and g^n = e, then |g| = n.",abstract_algebra,"[nontangentially,, mabinogion,, depressionary,, unclassableness]",0.0,0.0
"Statement 1 | If a and b are elements of finite order in an Abelian group, then |ab| is the lcm (|a|,|b|). Statement 2 | If g is a group element and g^n = e, then |g| = n.",abstract_algebra,"[nontangentially,, mabinogion,, unclassableness,, depressionary]",1.0,2.0
"Statement 1 | If a and b are elements of finite order in an Abelian group, then |ab| is the lcm (|a|,|b|). Statement 2 | If g is a group element and g^n = e, then |g| = n.",abstract_algebra,"[nontangentially,, unclassableness,, depressionary,, mabinogion]",0.0,0.0
"Statement 1 | If a and b are elements of finite order in an Abelian group, then |ab| is the lcm (|a|,|b|). Statement 2 | If g is a group element and g^n = e, then |g| = n.",abstract_algebra,"[nontangentially,, unclassableness,, mabinogion,, depressionary]",0.0,3.0
"Statement 1 | If f is a homomorphism from G to K and H is normal in G then f(H) is normal in K. Statement 2 | If f is a homomorphism from G to a group and H is finite subgroup of G, then |f(H)| divides |H|.",abstract_algebra,"[hemophilia,, barratrous,, uneffeminated,, antiportable]",0.0,3.0
"Statement 1 | If f is a homomorphism from G to K and H is normal in G then f(H) is normal in K. Statement 2 | If f is a homomorphism from G to a group and H is finite subgroup of G, then |f(H)| divides |H|.",abstract_algebra,"[hemophilia,, barratrous,, antiportable,, uneffeminated]",0.0,2.0
"Statement 1 | If f is a homomorphism from G to K and H is normal in G then f(H) is normal in K. Statement 2 | If f is a homomorphism from G to a group and H is finite subgroup of G, then |f(H)| divides |H|.",abstract_algebra,"[hemophilia,, uneffeminated,, barratrous,, antiportable]",0.0,2.0
"Statement 1 | If f is a homomorphism from G to K and H is normal in G then f(H) is normal in K. Statement 2 | If f is a homomorphism from G to a group and H is finite subgroup of G, then |f(H)| divides |H|.",abstract_algebra,"[hemophilia,, uneffeminated,, antiportable,, barratrous]",0.0,1.0
"Statement 1 | If f is a homomorphism from G to K and H is normal in G then f(H) is normal in K. Statement 2 | If f is a homomorphism from G to a group and H is finite subgroup of G, then |f(H)| divides |H|.",abstract_algebra,"[hemophilia,, antiportable,, barratrous,, uneffeminated]",1.0,2.0
"Statement 1 | If f is a homomorphism from G to K and H is normal in G then f(H) is normal in K. Statement 2 | If f is a homomorphism from G to a group and H is finite subgroup of G, then |f(H)| divides |H|.",abstract_algebra,"[hemophilia,, antiportable,, uneffeminated,, barratrous]",0.0,3.0
"Statement 1 | If f is a homomorphism from G to K and H is normal in G then f(H) is normal in K. Statement 2 | If f is a homomorphism from G to a group and H is finite subgroup of G, then |f(H)| divides |H|.",abstract_algebra,"[barratrous,, hemophilia,, uneffeminated,, antiportable]",0.0,2.0
"Statement 1 | If f is a homomorphism from G to K and H is normal in G then f(H) is normal in K. Statement 2 | If f is a homomorphism from G to a group and H is finite subgroup of G, then |f(H)| divides |H|.",abstract_algebra,"[barratrous,, hemophilia,, antiportable,, uneffeminated]",0.0,0.0
"Statement 1 | If f is a homomorphism from G to K and H is normal in G then f(H) is normal in K. Statement 2 | If f is a homomorphism from G to a group and H is finite subgroup of G, then |f(H)| divides |H|.",abstract_algebra,"[barratrous,, uneffeminated,, hemophilia,, antiportable]",1.0,2.0
"Statement 1 | If f is a homomorphism from G to K and H is normal in G then f(H) is normal in K. Statement 2 | If f is a homomorphism from G to a group and H is finite subgroup of G, then |f(H)| divides |H|.",abstract_algebra,"[barratrous,, uneffeminated,, antiportable,, hemophilia]",3.0,2.0
"Statement 1 | If f is a homomorphism from G to K and H is normal in G then f(H) is normal in K. Statement 2 | If f is a homomorphism from G to a group and H is finite subgroup of G, then |f(H)| divides |H|.",abstract_algebra,"[barratrous,, antiportable,, hemophilia,, uneffeminated]",0.0,0.0
"Statement 1 | If f is a homomorphism from G to K and H is normal in G then f(H) is normal in K. Statement 2 | If f is a homomorphism from G to a group and H is finite subgroup of G, then |f(H)| divides |H|.",abstract_algebra,"[barratrous,, antiportable,, uneffeminated,, hemophilia]",0.0,1.0
"Statement 1 | If f is a homomorphism from G to K and H is normal in G then f(H) is normal in K. Statement 2 | If f is a homomorphism from G to a group and H is finite subgroup of G, then |f(H)| divides |H|.",abstract_algebra,"[uneffeminated,, hemophilia,, barratrous,, antiportable]",0.0,2.0
"Statement 1 | If f is a homomorphism from G to K and H is normal in G then f(H) is normal in K. Statement 2 | If f is a homomorphism from G to a group and H is finite subgroup of G, then |f(H)| divides |H|.",abstract_algebra,"[uneffeminated,, hemophilia,, antiportable,, barratrous]",0.0,2.0
"Statement 1 | If f is a homomorphism from G to K and H is normal in G then f(H) is normal in K. Statement 2 | If f is a homomorphism from G to a group and H is finite subgroup of G, then |f(H)| divides |H|.",abstract_algebra,"[uneffeminated,, barratrous,, hemophilia,, antiportable]",3.0,2.0
"Statement 1 | If f is a homomorphism from G to K and H is normal in G then f(H) is normal in K. Statement 2 | If f is a homomorphism from G to a group and H is finite subgroup of G, then |f(H)| divides |H|.",abstract_algebra,"[uneffeminated,, barratrous,, antiportable,, hemophilia]",0.0,0.0
"Statement 1 | If f is a homomorphism from G to K and H is normal in G then f(H) is normal in K. Statement 2 | If f is a homomorphism from G to a group and H is finite subgroup of G, then |f(H)| divides |H|.",abstract_algebra,"[uneffeminated,, antiportable,, hemophilia,, barratrous]",0.0,2.0
"Statement 1 | If f is a homomorphism from G to K and H is normal in G then f(H) is normal in K. Statement 2 | If f is a homomorphism from G to a group and H is finite subgroup of G, then |f(H)| divides |H|.",abstract_algebra,"[uneffeminated,, antiportable,, barratrous,, hemophilia]",0.0,2.0
"Statement 1 | If f is a homomorphism from G to K and H is normal in G then f(H) is normal in K. Statement 2 | If f is a homomorphism from G to a group and H is finite subgroup of G, then |f(H)| divides |H|.",abstract_algebra,"[antiportable,, hemophilia,, barratrous,, uneffeminated]",0.0,1.0
"Statement 1 | If f is a homomorphism from G to K and H is normal in G then f(H) is normal in K. Statement 2 | If f is a homomorphism from G to a group and H is finite subgroup of G, then |f(H)| divides |H|.",abstract_algebra,"[antiportable,, hemophilia,, uneffeminated,, barratrous]",0.0,0.0
"Statement 1 | If f is a homomorphism from G to K and H is normal in G then f(H) is normal in K. Statement 2 | If f is a homomorphism from G to a group and H is finite subgroup of G, then |f(H)| divides |H|.",abstract_algebra,"[antiportable,, barratrous,, hemophilia,, uneffeminated]",0.0,3.0
"Statement 1 | If f is a homomorphism from G to K and H is normal in G then f(H) is normal in K. Statement 2 | If f is a homomorphism from G to a group and H is finite subgroup of G, then |f(H)| divides |H|.",abstract_algebra,"[antiportable,, barratrous,, uneffeminated,, hemophilia]",0.0,1.0
"Statement 1 | If f is a homomorphism from G to K and H is normal in G then f(H) is normal in K. Statement 2 | If f is a homomorphism from G to a group and H is finite subgroup of G, then |f(H)| divides |H|.",abstract_algebra,"[antiportable,, uneffeminated,, hemophilia,, barratrous]",0.0,2.0
"Statement 1 | If f is a homomorphism from G to K and H is normal in G then f(H) is normal in K. Statement 2 | If f is a homomorphism from G to a group and H is finite subgroup of G, then |f(H)| divides |H|.",abstract_algebra,"[antiportable,, uneffeminated,, barratrous,, hemophilia]",2.0,1.0
Find the maximum possible order for an element of S_n for n = 7.,abstract_algebra,"[cudgerie,, shasliks,, isocorybulbin,, arborization]",1.0,1.0
Find the maximum possible order for an element of S_n for n = 7.,abstract_algebra,"[cudgerie,, shasliks,, arborization,, isocorybulbin]",2.0,1.0
Find the maximum possible order for an element of S_n for n = 7.,abstract_algebra,"[cudgerie,, isocorybulbin,, shasliks,, arborization]",2.0,1.0
Find the maximum possible order for an element of S_n for n = 7.,abstract_algebra,"[cudgerie,, isocorybulbin,, arborization,, shasliks]",0.0,1.0
Find the maximum possible order for an element of S_n for n = 7.,abstract_algebra,"[cudgerie,, arborization,, shasliks,, isocorybulbin]",2.0,1.0
Find the maximum possible order for an element of S_n for n = 7.,abstract_algebra,"[cudgerie,, arborization,, isocorybulbin,, shasliks]",0.0,3.0
Find the maximum possible order for an element of S_n for n = 7.,abstract_algebra,"[shasliks,, cudgerie,, isocorybulbin,, arborization]",2.0,2.0
Find the maximum possible order for an element of S_n for n = 7.,abstract_algebra,"[shasliks,, cudgerie,, arborization,, isocorybulbin]",0.0,3.0
Find the maximum possible order for an element of S_n for n = 7.,abstract_algebra,"[shasliks,, isocorybulbin,, cudgerie,, arborization]",2.0,1.0
Find the maximum possible order for an element of S_n for n = 7.,abstract_algebra,"[shasliks,, isocorybulbin,, arborization,, cudgerie]",0.0,2.0
Find the maximum possible order for an element of S_n for n = 7.,abstract_algebra,"[shasliks,, arborization,, cudgerie,, isocorybulbin]",2.0,1.0
Find the maximum possible order for an element of S_n for n = 7.,abstract_algebra,"[shasliks,, arborization,, isocorybulbin,, cudgerie]",0.0,1.0
Find the maximum possible order for an element of S_n for n = 7.,abstract_algebra,"[isocorybulbin,, cudgerie,, shasliks,, arborization]",0.0,0.0
Find the maximum possible order for an element of S_n for n = 7.,abstract_algebra,"[isocorybulbin,, cudgerie,, arborization,, shasliks]",0.0,2.0
Find the maximum possible order for an element of S_n for n = 7.,abstract_algebra,"[isocorybulbin,, shasliks,, cudgerie,, arborization]",2.0,1.0
Find the maximum possible order for an element of S_n for n = 7.,abstract_algebra,"[isocorybulbin,, shasliks,, arborization,, cudgerie]",2.0,1.0
Find the maximum possible order for an element of S_n for n = 7.,abstract_algebra,"[isocorybulbin,, arborization,, cudgerie,, shasliks]",0.0,0.0
Find the maximum possible order for an element of S_n for n = 7.,abstract_algebra,"[isocorybulbin,, arborization,, shasliks,, cudgerie]",0.0,2.0
Find the maximum possible order for an element of S_n for n = 7.,abstract_algebra,"[arborization,, cudgerie,, shasliks,, isocorybulbin]",0.0,2.0
Find the maximum possible order for an element of S_n for n = 7.,abstract_algebra,"[arborization,, cudgerie,, isocorybulbin,, shasliks]",3.0,1.0
Find the maximum possible order for an element of S_n for n = 7.,abstract_algebra,"[arborization,, shasliks,, cudgerie,, isocorybulbin]",0.0,1.0
Find the maximum possible order for an element of S_n for n = 7.,abstract_algebra,"[arborization,, shasliks,, isocorybulbin,, cudgerie]",1.0,2.0
Find the maximum possible order for an element of S_n for n = 7.,abstract_algebra,"[arborization,, isocorybulbin,, cudgerie,, shasliks]",0.0,2.0
Find the maximum possible order for an element of S_n for n = 7.,abstract_algebra,"[arborization,, isocorybulbin,, shasliks,, cudgerie]",0.0,2.0
Statement 1 | Every integral domain has a field of quotients. Statement 2 | A polynomial of degree n over a ring can have at most n zeros counting multiplicity.,abstract_algebra,"[pseudotracheal,, overappreciative,, quinquagenary,, guajiras]",0.0,1.0
Statement 1 | Every integral domain has a field of quotients. Statement 2 | A polynomial of degree n over a ring can have at most n zeros counting multiplicity.,abstract_algebra,"[pseudotracheal,, overappreciative,, guajiras,, quinquagenary]",1.0,0.0
Statement 1 | Every integral domain has a field of quotients. Statement 2 | A polynomial of degree n over a ring can have at most n zeros counting multiplicity.,abstract_algebra,"[pseudotracheal,, quinquagenary,, overappreciative,, guajiras]",1.0,1.0
Statement 1 | Every integral domain has a field of quotients. Statement 2 | A polynomial of degree n over a ring can have at most n zeros counting multiplicity.,abstract_algebra,"[pseudotracheal,, quinquagenary,, guajiras,, overappreciative]",3.0,0.0
Statement 1 | Every integral domain has a field of quotients. Statement 2 | A polynomial of degree n over a ring can have at most n zeros counting multiplicity.,abstract_algebra,"[pseudotracheal,, guajiras,, overappreciative,, quinquagenary]",0.0,0.0
Statement 1 | Every integral domain has a field of quotients. Statement 2 | A polynomial of degree n over a ring can have at most n zeros counting multiplicity.,abstract_algebra,"[pseudotracheal,, guajiras,, quinquagenary,, overappreciative]",0.0,3.0
Statement 1 | Every integral domain has a field of quotients. Statement 2 | A polynomial of degree n over a ring can have at most n zeros counting multiplicity.,abstract_algebra,"[overappreciative,, pseudotracheal,, quinquagenary,, guajiras]",0.0,0.0
Statement 1 | Every integral domain has a field of quotients. Statement 2 | A polynomial of degree n over a ring can have at most n zeros counting multiplicity.,abstract_algebra,"[overappreciative,, pseudotracheal,, guajiras,, quinquagenary]",0.0,1.0
Statement 1 | Every integral domain has a field of quotients. Statement 2 | A polynomial of degree n over a ring can have at most n zeros counting multiplicity.,abstract_algebra,"[overappreciative,, quinquagenary,, pseudotracheal,, guajiras]",0.0,0.0
Statement 1 | Every integral domain has a field of quotients. Statement 2 | A polynomial of degree n over a ring can have at most n zeros counting multiplicity.,abstract_algebra,"[overappreciative,, quinquagenary,, guajiras,, pseudotracheal]",0.0,1.0
Statement 1 | Every integral domain has a field of quotients. Statement 2 | A polynomial of degree n over a ring can have at most n zeros counting multiplicity.,abstract_algebra,"[overappreciative,, guajiras,, pseudotracheal,, quinquagenary]",0.0,2.0
Statement 1 | Every integral domain has a field of quotients. Statement 2 | A polynomial of degree n over a ring can have at most n zeros counting multiplicity.,abstract_algebra,"[overappreciative,, guajiras,, quinquagenary,, pseudotracheal]",1.0,1.0
Statement 1 | Every integral domain has a field of quotients. Statement 2 | A polynomial of degree n over a ring can have at most n zeros counting multiplicity.,abstract_algebra,"[quinquagenary,, pseudotracheal,, overappreciative,, guajiras]",1.0,1.0
Statement 1 | Every integral domain has a field of quotients. Statement 2 | A polynomial of degree n over a ring can have at most n zeros counting multiplicity.,abstract_algebra,"[quinquagenary,, pseudotracheal,, guajiras,, overappreciative]",3.0,1.0
Statement 1 | Every integral domain has a field of quotients. Statement 2 | A polynomial of degree n over a ring can have at most n zeros counting multiplicity.,abstract_algebra,"[quinquagenary,, overappreciative,, pseudotracheal,, guajiras]",1.0,2.0
Statement 1 | Every integral domain has a field of quotients. Statement 2 | A polynomial of degree n over a ring can have at most n zeros counting multiplicity.,abstract_algebra,"[quinquagenary,, overappreciative,, guajiras,, pseudotracheal]",0.0,2.0
Statement 1 | Every integral domain has a field of quotients. Statement 2 | A polynomial of degree n over a ring can have at most n zeros counting multiplicity.,abstract_algebra,"[quinquagenary,, guajiras,, pseudotracheal,, overappreciative]",0.0,2.0
Statement 1 | Every integral domain has a field of quotients. Statement 2 | A polynomial of degree n over a ring can have at most n zeros counting multiplicity.,abstract_algebra,"[quinquagenary,, guajiras,, overappreciative,, pseudotracheal]",0.0,2.0
Statement 1 | Every integral domain has a field of quotients. Statement 2 | A polynomial of degree n over a ring can have at most n zeros counting multiplicity.,abstract_algebra,"[guajiras,, pseudotracheal,, overappreciative,, quinquagenary]",0.0,2.0
Statement 1 | Every integral domain has a field of quotients. Statement 2 | A polynomial of degree n over a ring can have at most n zeros counting multiplicity.,abstract_algebra,"[guajiras,, pseudotracheal,, quinquagenary,, overappreciative]",0.0,1.0
Statement 1 | Every integral domain has a field of quotients. Statement 2 | A polynomial of degree n over a ring can have at most n zeros counting multiplicity.,abstract_algebra,"[guajiras,, overappreciative,, pseudotracheal,, quinquagenary]",0.0,2.0
Statement 1 | Every integral domain has a field of quotients. Statement 2 | A polynomial of degree n over a ring can have at most n zeros counting multiplicity.,abstract_algebra,"[guajiras,, overappreciative,, quinquagenary,, pseudotracheal]",0.0,1.0
Statement 1 | Every integral domain has a field of quotients. Statement 2 | A polynomial of degree n over a ring can have at most n zeros counting multiplicity.,abstract_algebra,"[guajiras,, quinquagenary,, pseudotracheal,, overappreciative]",0.0,2.0
Statement 1 | Every integral domain has a field of quotients. Statement 2 | A polynomial of degree n over a ring can have at most n zeros counting multiplicity.,abstract_algebra,"[guajiras,, quinquagenary,, overappreciative,, pseudotracheal]",0.0,2.0
"Statement 1 | If a group has an element of order 10, then the number of elements of order 10 is divisible by 4. Statement 2 | If m and n are positive integers and phi is the Euler phi function, then phi(mn) = phi(m)phi(n).",abstract_algebra,"[redressal,, semisentimental,, nongerundial,, occipitoaxial]",0.0,3.0
"Statement 1 | If a group has an element of order 10, then the number of elements of order 10 is divisible by 4. Statement 2 | If m and n are positive integers and phi is the Euler phi function, then phi(mn) = phi(m)phi(n).",abstract_algebra,"[redressal,, semisentimental,, occipitoaxial,, nongerundial]",0.0,2.0
"Statement 1 | If a group has an element of order 10, then the number of elements of order 10 is divisible by 4. Statement 2 | If m and n are positive integers and phi is the Euler phi function, then phi(mn) = phi(m)phi(n).",abstract_algebra,"[redressal,, nongerundial,, semisentimental,, occipitoaxial]",1.0,3.0
"Statement 1 | If a group has an element of order 10, then the number of elements of order 10 is divisible by 4. Statement 2 | If m and n are positive integers and phi is the Euler phi function, then phi(mn) = phi(m)phi(n).",abstract_algebra,"[redressal,, nongerundial,, occipitoaxial,, semisentimental]",1.0,1.0
"Statement 1 | If a group has an element of order 10, then the number of elements of order 10 is divisible by 4. Statement 2 | If m and n are positive integers and phi is the Euler phi function, then phi(mn) = phi(m)phi(n).",abstract_algebra,"[redressal,, occipitoaxial,, semisentimental,, nongerundial]",0.0,2.0
"Statement 1 | If a group has an element of order 10, then the number of elements of order 10 is divisible by 4. Statement 2 | If m and n are positive integers and phi is the Euler phi function, then phi(mn) = phi(m)phi(n).",abstract_algebra,"[redressal,, occipitoaxial,, nongerundial,, semisentimental]",0.0,1.0
"Statement 1 | If a group has an element of order 10, then the number of elements of order 10 is divisible by 4. Statement 2 | If m and n are positive integers and phi is the Euler phi function, then phi(mn) = phi(m)phi(n).",abstract_algebra,"[semisentimental,, redressal,, nongerundial,, occipitoaxial]",0.0,2.0
"Statement 1 | If a group has an element of order 10, then the number of elements of order 10 is divisible by 4. Statement 2 | If m and n are positive integers and phi is the Euler phi function, then phi(mn) = phi(m)phi(n).",abstract_algebra,"[semisentimental,, redressal,, occipitoaxial,, nongerundial]",1.0,1.0
"Statement 1 | If a group has an element of order 10, then the number of elements of order 10 is divisible by 4. Statement 2 | If m and n are positive integers and phi is the Euler phi function, then phi(mn) = phi(m)phi(n).",abstract_algebra,"[semisentimental,, nongerundial,, redressal,, occipitoaxial]",0.0,1.0
"Statement 1 | If a group has an element of order 10, then the number of elements of order 10 is divisible by 4. Statement 2 | If m and n are positive integers and phi is the Euler phi function, then phi(mn) = phi(m)phi(n).",abstract_algebra,"[semisentimental,, nongerundial,, occipitoaxial,, redressal]",0.0,2.0
"Statement 1 | If a group has an element of order 10, then the number of elements of order 10 is divisible by 4. Statement 2 | If m and n are positive integers and phi is the Euler phi function, then phi(mn) = phi(m)phi(n).",abstract_algebra,"[semisentimental,, occipitoaxial,, redressal,, nongerundial]",0.0,1.0
"Statement 1 | If a group has an element of order 10, then the number of elements of order 10 is divisible by 4. Statement 2 | If m and n are positive integers and phi is the Euler phi function, then phi(mn) = phi(m)phi(n).",abstract_algebra,"[semisentimental,, occipitoaxial,, nongerundial,, redressal]",0.0,1.0
"Statement 1 | If a group has an element of order 10, then the number of elements of order 10 is divisible by 4. Statement 2 | If m and n are positive integers and phi is the Euler phi function, then phi(mn) = phi(m)phi(n).",abstract_algebra,"[nongerundial,, redressal,, semisentimental,, occipitoaxial]",0.0,2.0
"Statement 1 | If a group has an element of order 10, then the number of elements of order 10 is divisible by 4. Statement 2 | If m and n are positive integers and phi is the Euler phi function, then phi(mn) = phi(m)phi(n).",abstract_algebra,"[nongerundial,, redressal,, occipitoaxial,, semisentimental]",0.0,1.0
"Statement 1 | If a group has an element of order 10, then the number of elements of order 10 is divisible by 4. Statement 2 | If m and n are positive integers and phi is the Euler phi function, then phi(mn) = phi(m)phi(n).",abstract_algebra,"[nongerundial,, semisentimental,, redressal,, occipitoaxial]",2.0,2.0
"Statement 1 | If a group has an element of order 10, then the number of elements of order 10 is divisible by 4. Statement 2 | If m and n are positive integers and phi is the Euler phi function, then phi(mn) = phi(m)phi(n).",abstract_algebra,"[nongerundial,, semisentimental,, occipitoaxial,, redressal]",0.0,2.0
"Statement 1 | If a group has an element of order 10, then the number of elements of order 10 is divisible by 4. Statement 2 | If m and n are positive integers and phi is the Euler phi function, then phi(mn) = phi(m)phi(n).",abstract_algebra,"[nongerundial,, occipitoaxial,, redressal,, semisentimental]",0.0,1.0
"Statement 1 | If a group has an element of order 10, then the number of elements of order 10 is divisible by 4. Statement 2 | If m and n are positive integers and phi is the Euler phi function, then phi(mn) = phi(m)phi(n).",abstract_algebra,"[nongerundial,, occipitoaxial,, semisentimental,, redressal]",3.0,2.0
"Statement 1 | If a group has an element of order 10, then the number of elements of order 10 is divisible by 4. Statement 2 | If m and n are positive integers and phi is the Euler phi function, then phi(mn) = phi(m)phi(n).",abstract_algebra,"[occipitoaxial,, redressal,, semisentimental,, nongerundial]",2.0,3.0
"Statement 1 | If a group has an element of order 10, then the number of elements of order 10 is divisible by 4. Statement 2 | If m and n are positive integers and phi is the Euler phi function, then phi(mn) = phi(m)phi(n).",abstract_algebra,"[occipitoaxial,, redressal,, nongerundial,, semisentimental]",0.0,0.0
"Statement 1 | If a group has an element of order 10, then the number of elements of order 10 is divisible by 4. Statement 2 | If m and n are positive integers and phi is the Euler phi function, then phi(mn) = phi(m)phi(n).",abstract_algebra,"[occipitoaxial,, semisentimental,, redressal,, nongerundial]",0.0,1.0
"Statement 1 | If a group has an element of order 10, then the number of elements of order 10 is divisible by 4. Statement 2 | If m and n are positive integers and phi is the Euler phi function, then phi(mn) = phi(m)phi(n).",abstract_algebra,"[occipitoaxial,, semisentimental,, nongerundial,, redressal]",2.0,2.0
"Statement 1 | If a group has an element of order 10, then the number of elements of order 10 is divisible by 4. Statement 2 | If m and n are positive integers and phi is the Euler phi function, then phi(mn) = phi(m)phi(n).",abstract_algebra,"[occipitoaxial,, nongerundial,, redressal,, semisentimental]",1.0,2.0
"Statement 1 | If a group has an element of order 10, then the number of elements of order 10 is divisible by 4. Statement 2 | If m and n are positive integers and phi is the Euler phi function, then phi(mn) = phi(m)phi(n).",abstract_algebra,"[occipitoaxial,, nongerundial,, semisentimental,, redressal]",0.0,1.0
